e_	7364
_t	5430
th	5294
t_	4565
s_	4131
d_	3303
he	3219
y_	2979
in	2739
_s	2680
n_	2639
_a	2524
r_	2249
_m	2232
_w	2217
ou	2107
re	2032
er	2001
_b	1837
nd	1792
or	1752
ha	1711
_o	1705
o_	1691
h_	1657
es	1630
at	1589
en	1582
an	1562
st	1551
_i	1539
_h	1509
ve	1495
_f	1451
se	1401
ea	1392
_d	1390
ar	1326
ho	1295
on	1285
_l	1283
l_	1274
hi	1245
is	1234
f_	1230
te	1195
ng	1184
it	1178
me	1149
ll	1119
ee	1059
_p	1040
to	1031
_c	1016
be	992
_n	989
_T	959
g_	946
_I	922
ut	900
of	893
no	878
lo	874
ne	861
ot	859
al	841
ro	830
de	821
ur	783
I_	781
u_	764
_e	763
_A	762
wi	748
ed	741
le	741
my	732
ow	732
as	724
ti	706
Th	696
ri	691
nt	690
ch	690
el	681
il	668
hy	663
rt	654
et	653
ov	626
_y	614
ce	612
ai	612
fo	611
_g	606
li	601
wh	599
sh	588
_r	580
ra	563
om	556
gh	551
do	544
rs	537
yo	529
co	528
m_	516
we	514
ld	505
_W	502
w_	497
An	493
tr	485
ic	483
ir	483
us	481
ma	476
so	469
wo	465
ss	464
ay	461
os	446
ec	444
pr	438
un	436
ul	413
ns	409
ht	407
mo	401
ie	398
k_	395
ta	394
ac	393
Wh	389
im	388
ke	386
ig	383
mi	380
av	376
la	374
di	368
a_	367
oo	365
si	365
fa	363
su	361
pe	355
ei	353
iv	349
ad	348
ge	344
nc	335
ey	329
io	329
_S	326
em	324
wa	317
ts	315
ct	315
ca	313
ty	307
id	305
gr	302
_B	296
ye	294
pa	293
fe	288
_u	283
ds	281
ak	281
ol	280
am	275
_O	272
fr	270
po	265
rd	260
bu	259
ue	257
vi	252
ys	247
au	247
ev	241
_F	241
ug	240
ly	239
sp	236
ru	233
ry	231
bl	229
sa	226
fi	220
ef	215
rn	209
ag	208
ni	207
if	206
lf	206
sw	205
da	205
_M	203
_v	203
_L	200
pl	196
_k	193
br	191
by	189
tu	181
Bu	180
rg	179
Fo	179
bo	177
ep	177
ck	173
To	168
ls	167
pi	164
lt	161
mp	159
_N	158
p_	154
rm	153
ba	152
um	151
ga	151
uc	147
ap	147
ew	147
ok	146
_P	144
tt	142
ki	142
fu	142
na	141
rk	139
nk	135
wn	134
ks	132
gi	131
_H	131
cr	129
No	129
op	129
od	129
go	128
je	126
_C	126
up	124
_G	123
gu	117
mu	116
ab	116
ud	115
So	115
qu	112
mb	110
’s	110
hu	110
ex	109
’_	107
ny	107
pp	107
rl	106
O_	104
_D	103
kn	103
ft	103
aw	102
Pr	100
ui	99
wr	98
rr	98
nb	98
II	95
tl	94
ci	93
ws	91
XX	90
In	90
gl	89
mm	88
Wi	88
fl	88
If	86
_Y	86
Gu	85
oj	85
pu	82
As	82
hr	82
cl	80
ik	80
ms	80
nf	80
sc	79
ff	78
sl	77
Or	76
Ti	75
dr	75
du	73
cu	73
_j	72
lu	72
_U	71
sd	70
py	70
oe	68
bi	68
c_	67
Lo	66
gs	66
ub	65
oi	65
My	64
nl	63
_‘	63
ia	63
Be	62
va	61
pt	60
tw	59
hs	59
rc	58
nn	57
nu	57
ph	57
_E	57
vo	56
g™	56
bs	56
™_	56
ip	55
oc	55
oa	55
rv	55
cc	54
af	53
Ma	53
eg	51
ua	51
_X	50
ju	50
_R	49
dy	47
oy	46
ib	46
VI	46
rf	46
Ho	45
XI	45
’e	44
_’	44
_q	44
tc	44
dd	44
ob	44
Li	43
eo	43
xc	42
s’	42
_1	42
Si	42
Ha	41
Of	41
Un	40
ps	40
Yo	40
CX	40
vd	40
yi	40
Ye	40
1.	38
Le	38
Mu	38
e-	37
Sh	37
nv	36
eh	36
yr	36
XV	36
Al	36
A_	35
Do	35
De	35
dg	34
rp	33
sk	33
gn	32
jo	32
ek	32
He	32
md	32
xp	31
eb	31
St	31
LI	31
V_	31
LX	30
By	29
b_	29
cy	28
kl	28
Bo	28
Fr	28
eq	28
o’	28
E_	27
dl	27
v’	26
sm	26
Co	26
e’	26
Ar	25
S_	25
Mi	25
xt	25
ze	25
X_	24
Se	24
Re	24
On	24
az	24
Is	24
l-	24
lv	24
r-	24
nj	24
ym	24
Sa	23
Ev	22
.E	22
’t	22
l’	22
bj	21
ix	21
Ag	20
f-	20
sg	20
‘W	20
E.	20
XL	20
Na	20
w’	20
kd	20
We	20
T_	20
dn	20
d’	20
-l	18
,’	18
Ca	18
-s	18
hd	18
Su	18
ww	18
iq	18
gt	18
gd	18
IV	18
)_	18
_(	17
bt	17
Gi	16
TH	16
vy	16
eB	16
nw	16
t’	16
uf	16
t-	16
dw	16
sy	16
-t	16
wd	16
gg	16
yd	16
-f	16
Mo	16
iu	15
IX	15
iz	15
mn	15
RE	15
Up	15
rb	14
EN	14
rh	14
Il	14
dm	14
Di	14
‘T	14
It	14
tn	14
R_	14
dv	14
Ro	14
lc	14
Sw	14
Cr	14
CI	13
_K	13
x_	13
yt	13
At	12
.’	12
F_	12
pd	12
hl	12
D_	12
Hi	12
o-	12
e,	12
’g	12
-b	12
fy	12
LV	12
OR	12
sb	12
rw	11
1_	11
Sp	11
lp	11
.F	11
-p	11
XC	11
”_	10
Ap	10
’n	10
AN	10
nh	10
NT	10
Fa	10
xi	10
Pa	10
_“	10
’r	10
F.	10
nr	10
cq	10
xd	10
AR	10
OF	10
Gr	10
r’	10
ja	10
d-	10
lm	10
lg	10
bb	10
nq	10
L_	10
-w	10
Ah	10
IT	10
Po	10
Wa	10
-d	10
wl	10
mf	10
CT	9
xe	9
-r	9
ES	9
g.	9
Y_	9
w.	9
Te	9
-m	9
.g	9
ND	9
3_	9
IN	9
ER	9
_V	9
.o	9
zi	8
SE	8
HE	8
Ki	8
zd	8
ON	8
hf	8
w-	8
Pi	8
Ta	8
rj	8
h’	8
cd	8
RA	8
Ex	8
ax	8
Fe	8
ln	8
**	8
CV	8
UT	8
TE	8
Pl	7
Ne	7
.S	7
CL	7
AG	7
DI	7
lk	7
TI	7
Ad	7
U.	7
“P	7
IS	7
OU	7
ko	6
‘I	6
y-	6
n’	6
G_	6
tf	6
-e	6
YO	6
og	6
EC	6
k’	6
Am	6
Wo	6
l,	6
Dr	6
eu	6
4_	6
yl	6
Fi	6
_J	6
.1	6
uo	6
ya	6
np	6
PR	6
EA	6
0_	6
Ea	6
vu	6
Me	6
-c	6
NE	6
fs	6
U_	6
ED	6
.3	6
La	6
Tr	6
HA	6
CE	6
’T	6
-u	6
BE	6
wf	6
bd	6
-g	6
wt	6
TY	6
7_	5
H_	5
DE	5
AC	5
-a	5
9_	5
IM	5
NO	5
Fu	5
TR	5
RO	5
ME	5
EM	5
Ri	5
ST	5
g”	5
Ge	5
En	5
_2	5
FO	5
00	4
_5	4
NY	4
DA	4
Er	4
NS	4
.8	4
Va	4
bh	4
p’	4
-v	4
RI	4
RR	4
IE	4
N_	4
y’	4
-k	4
OT	4
AT	4
nm	4
-h	4
TA	4
Cu	4
e.	4
IL	4
‘N	4
Kn	4
Af	4
Ou	4
h-	4
sf	4
wk	4
Ch	4
_•	4
8_	4
*_	4
CH	4
tg	4
WA	4
aj	4
‘F	4
GE	4
HI	4
_*	4
VE	4
•_	4
NB	4
Us	4
p-	4
IC	4
l.	4
Ju	4
yw	4
Br	4
AS	4
GR	4
C_	4
dj	4
ah	4
Du	4
GU	4
Ay	4
UN	4
K_	4
sn	4
hm	4
xa	4
RG	4
O’	4
JE	4
g/	4
MA	4
_3	4
OJ	4
2_	3
Ab	3
_-	3
EE	3
(a	3
41	3
LA	3
5_	3
SC	3
NC	3
NN	3
20	3
TO	3
50	3
lr	3
_4	3
(o	3
MI	3
IB	3
SS	3
pm	3
AL	3
d)	3
(t	3
AB	3
IA	3
PL	3
ml	3
ET	3
BI	3
OS	3
-_	3
‘A	3
AM	3
BU	3
FU	3
.9	3
tm	3
01	3
.7	3
TS	3
LL	3
6_	3
SO	3
IR	3
Au	3
n-	3
’d	2
tb	2
t,	2
‘h	2
90	2
_9	2
o.	2
Wr	2
‘S	2
UL	2
.5	2
zo	2
,—	2
x’	2
80	2
IO	2
g-	2
lw	2
uy	2
Ba	2
BR	2
OO	2
gf	2
/d	2
AD	2
Sl	2
Bl	2
Tw	2
kw	2
EP	2
GL	2
s.	2
CO	2
.4	2
_z	2
Oa	2
_6	2
Aw	2
kr	2
ky	2
BO	2
-o	2
_8	2
(c	2
/c	2
OK	2
WI	2
‘l	2
uv	2
Cl	2
Ei	2
!’	2
-n	2
SH	2
Da	2
EF	2
uk	2
AK	2
IG	2
ez	2
.6	2
m’	2
kf	2
Jo	2
Ac	2
—i	2
Go	2
EB	2
ka	2
a-	2
’f	2
NI	2
Ut	2
Ph	2
‘n	2
-i	2
SP	2
c-	2
PU	2
Hu	2
PG	2
Ot	2
Ga	2
E'	2
PE	2
.C	2
’G	2
I”	2
u’	2
.2	2
PO	2
Fl	2
EX	2
oq	2
NG	2
'S	2
Ru	2
Pe	2
Et	2
d!	2
c)	2
KE	2
ID	2
RK	2
m-	2
RT	2
‘’	2
yp	2
‘H	2
LE	2
15	2
Oc	1
6-	1
LU	1
22	1
AV	1
/h	1
4-	1
e—	1
y)	1
UA	1
]_	1
n”	1
-6	1
04	1
FI	1
(i	1
,0	1
)(	1
XP	1
F)	1
US	1
1)	1
”)	1
™s	1
PT	1
—y	1
n.	1
24	1
SU	1
Ci	1
DO	1
21	1
.D	1
d”	1
_$	1
g)	1
(w	1
_﻿	1
59	1
(3	1
“R	1
($	1
87	1
5,	1
$1	1
-I	1
NA	1
0%	1
02	1
“t	1
“D	1
#1	1
u!	1
k/	1
AP	1
.B	1
QU	1
29	1
(b	1
EG	1
84	1
UE	1
SI	1
(d	1
HT	1
(“	1
BL	1
EI	1
64	1
—t	1
UC	1
RC	1
l)	1
99	1
S’	1
EV	1
_[	1
IF	1
b)	1
_#	1
11	1
s/	1
96	1
09	1
$5	1
UR	1
,”	1
B_	1
t)	1
3)	1
y—	1
e)	1
30	1
GI	1
S-	1
UD	1
88	1
s,	1
1(	1
a)	1
10	1
60	1
97	1
i_	1
54	1
.”	1
19	1
“I	1
0)	1
PA	1
G™	1
YT	1
GH	1
MN	1
AI	1
TN	1
﻿T	1
16	1
OV	1
WN	1
r)	1
OW	1
!)	1
1]	1
-1	1
td	1
oh	1
PH	1
MP	1
/l	1
EQ	1
(8	1
ae	1
.A	1
RS	1
62	1
AF	1
%_	1
[e	1
RP	1
KI	1
Vo	1
WO	1
18	1
TU	1
Em	1
HO	1
yn	1
